"Source:,""C:\Users\axis0\Desktop\EIP\IRBEX\OBC\OBC.kicad_sch""";;;;;;;;;;;;
"Date:,""02.12.2022 17:17:36""";;;;;;;;;;;;
"Tool:,""Eeschema (6.0.9)""";;;;;;;;;;;;
"Generator:,""C:\Program Files\KiCad\6.0\bin\scripting\plugins/bom_csv_grouped_by_value_with_fp.py""";;;;;;;;;;;;
"Component Count:,""76""";;;;;;;;;;;;
"Ref,""Qnty"",""Value"",""Cmp name"",""Footprint"",""Description"",""Vendor""";;;;;;;;;;;;
"C1, C2, C3, C4, C5, C6, C9, C10, C12, C13, C16, C17, ,""12"",""100n"",""C"",""Capacitor_SMD:C_0603_1608Metric_Pad1.08x0.95mm_HandSolder"",""Unpolarized capacitor"",""""";;;;;;;;;;;;
"C7, C8, ,""2"",""22p"",""C_Small"",""Capacitor_SMD:C_0603_1608Metric_Pad1.08x0.95mm_HandSolder"",""Unpolarized capacitor, small symbol"",""""";;;;;;;;;;;;
"C15, ,""1"",""10n"",""C"",""Capacitor_SMD:C_0603_1608Metric_Pad1.08x0.95mm_HandSolder"",""Unpolarized capacitor"",""""";;;;;;;;;;;;
"C18, ,""1"",""4.7u"",""C"",""Capacitor_SMD:C_0603_1608Metric_Pad1.08x0.95mm_HandSolder"",""Unpolarized capacitor"",""""";;;;;;;;;;;;
"C19, C20, ,""2"",""2200p"",""C"",""Capacitor_SMD:C_0603_1608Metric_Pad1.08x0.95mm_HandSolder"",""Unpolarized capacitor"",""""";;;;;;;;;;;;
"D1, D2, D3, D4, D5, ,""5"",""LED"",""LED"",""LED_SMD:LED_0603_1608Metric_Pad1.05x0.95mm_HandSolder"",""Light emitting diode"",""""";;;;;;;;;;;;
"D6, D7, D8, D9, D10, ,""5"",""LED_Small"",""LED_Small"",""LED_SMD:LED_0603_1608Metric_Pad1.05x0.95mm_HandSolder"",""Light emitting diode, small symbol"",""""";;;;;;;;;;;;
"J1, ,""1"",""Conn_02x26_Odd_Even_MountingPin"",""Conn_02x26_Odd_Even"",""Connector_PinSocket_2.54mm:PinSocket_2x26_P2.54mm_Vertical"",""Generic connector, double row, 02x26, odd/even pin numbering scheme (row 1 odd numbers, row 2 even numbers), script generated (kicad-library-utils/schlib/autogen/connector/)"",""""";;;;;;;;;;;;
"J2, ,""1"",""Micro_SD_Card"",""Micro_SD_Card"",""Connector_Card:microSD_HC_Hirose_DM3BT-DSF-PEJS"",""Micro SD Card Socket"",""""";;;;;;;;;;;;
"J3, J4, ,""2"",""Conn_01x04"",""Conn_01x04"",""Connector_PinHeader_2.54mm:PinHeader_1x04_P2.54mm_Vertical"",""Generic connector, single row, 01x04, script generated (kicad-library-utils/schlib/autogen/connector/)"",""""";;;;;;;;;;;;
"J5, ,""1"",""VEML6070"",""Conn_01x04"",""Connector_PinHeader_2.54mm:PinHeader_1x04_P2.54mm_Vertical"",""Generic connector, single row, 01x04, script generated (kicad-library-utils/schlib/autogen/connector/)"",""""";;;;;;;;;;;;
"J6, ,""1"",""BME280_off_board"",""Conn_01x04"",""Connector_PinHeader_2.54mm:PinHeader_1x04_P2.54mm_Vertical"",""Generic connector, single row, 01x04, script generated (kicad-library-utils/schlib/autogen/connector/)"",""""";;;;;;;;;;;;
"Q1, ,""1"",""T2N7002BK"",""2N7002K"",""Package_TO_SOT_SMD:SOT-23"",""0.38A Id, 60V Vds, N-Channel MOSFET, SOT-23"",""""";;;;;;;;;;;;
"R1, R2, R3, R4, R5, R10, R11, R12, R13, R15, ,""10"",""150R"",""R"",""Resistor_SMD:R_0603_1608Metric_Pad0.98x0.95mm_HandSolder"",""Resistor"",""""";;;;;;;;;;;;
"R6, R7, R8, R14, R16, R17, R18, R19, R20, ,""9"",""10k"",""R"",""Resistor_SMD:R_0603_1608Metric_Pad0.98x0.95mm_HandSolder"",""Resistor"",""""";;;;;;;;;;;;
"R9, ,""1"",""1k"",""R"",""Resistor_SMD:R_0603_1608Metric_Pad0.98x0.95mm_HandSolder"",""Resistor"",""""";;;;;;;;;;;;
"SW1, SW2, SW3, ,""3"",""SW_Push"",""SW_Push"",""Button_Switch_SMD:SW_SPST_TL3305A"",""Push button switch, generic, two pins"",""""";;;;;;;;;;;;
"TP1, TP2, TP3, TP4, TP5, TP6, TP7, TP8, ,""8"",""TestPoint"",""TestPoint"",""TestPoint:TestPoint_THTPad_D1.5mm_Drill0.7mm"",""test point"",""""";;;;;;;;;;;;
"U1, U2, U3, U4, U5, ,""5"",""FPF2103"",""FPF2000"",""Package_TO_SOT_SMD:SOT-23-5_HandSoldering"",""Single power-distribution switcher, current limit = 50mA, blanking time = 10 ms, auto-restart time = 80 ms, ON Pin Polarity = HIGH, SOT-353"",""""";;;;;;;;;;;;
"U6, ,""1"",""STM32F030CCTx"",""STM32F030CCTx"",""Package_QFP:LQFP-48_7x7mm_P0.5mm"",""ARM Cortex-M0 MCU, 256KB flash, 32KB RAM, 48MHz, 2.4-3.6V, 37 GPIO, LQFP-48"",""""";;;;;;;;;;;;
"U7, ,""1"",""MPU-6050"",""MPU-6050-Apzimejumi"",""Sensor_Motion:InvenSense_QFN-24_4x4mm_P0.5mm"","""",""""";;;;;;;;;;;;
"U8, ,""1"",""QMC5883"",""MMC5883MA"",""Package_LGA:LGA-16_3x3mm_P0.5mm"",""3-axis Magnetic Sensor, I2C Interface, LGA-16"",""""";;;;;;;;;;;;
"U9, ,""1"",""BME-280"",""BME-280-Apzimejumi"",""Package_LGA:Bosch_LGA-8_2.5x2.5mm_P0.65mm_ClockwisePinNumbering"","""",""""";;;;;;;;;;;;
"Y1, ,""1"",""8MHz"",""Crystal_GND24_Small"",""Crystal:Crystal_SMD_2016-4Pin_2.0x1.6mm"",""Four pin crystal, GND on pins 2 and 4, small symbol"",""""";;;;;;;;;;;;
