<?xml version="1.0" encoding="UTF-8"?>
<export version="E">
  <design>
    <source>C:\Users\axis0\Desktop\EIP\IRBEX\OBC\OBC.kicad_sch</source>
    <date>02.12.2022 17:17:36</date>
    <tool>Eeschema (6.0.9)</tool>
    <sheet number="1" name="/" tstamps="/">
      <title_block>
        <title/>
        <company/>
        <rev/>
        <date/>
        <source>OBC.kicad_sch</source>
        <comment number="1" value=""/>
        <comment number="2" value=""/>
        <comment number="3" value=""/>
        <comment number="4" value=""/>
        <comment number="5" value=""/>
        <comment number="6" value=""/>
        <comment number="7" value=""/>
        <comment number="8" value=""/>
        <comment number="9" value=""/>
      </title_block>
    </sheet>
  </design>
  <components>
    <comp ref="C1">
      <value>100n</value>
      <footprint>Capacitor_SMD:C_0603_1608Metric_Pad1.08x0.95mm_HandSolder</footprint>
      <libsource lib="Device" part="C" description="Unpolarized capacitor"/>
      <property name="Sheetname" value=""/>
      <property name="Sheetfile" value="OBC.kicad_sch"/>
      <sheetpath names="/" tstamps="/"/>
      <tstamps>4e661ac2-92db-4423-9975-2a7d5894b92b</tstamps>
    </comp>
    <comp ref="C2">
      <value>100n</value>
      <footprint>Capacitor_SMD:C_0603_1608Metric_Pad1.08x0.95mm_HandSolder</footprint>
      <libsource lib="Device" part="C" description="Unpolarized capacitor"/>
      <property name="Sheetname" value=""/>
      <property name="Sheetfile" value="OBC.kicad_sch"/>
      <sheetpath names="/" tstamps="/"/>
      <tstamps>448b6ff9-2c13-4c71-a889-abb059639516</tstamps>
    </comp>
    <comp ref="C3">
      <value>100n</value>
      <footprint>Capacitor_SMD:C_0603_1608Metric_Pad1.08x0.95mm_HandSolder</footprint>
      <libsource lib="Device" part="C" description="Unpolarized capacitor"/>
      <property name="Sheetname" value=""/>
      <property name="Sheetfile" value="OBC.kicad_sch"/>
      <sheetpath names="/" tstamps="/"/>
      <tstamps>8600b7f2-216c-447b-9f43-dfac56f4ebdc</tstamps>
    </comp>
    <comp ref="C4">
      <value>100n</value>
      <footprint>Capacitor_SMD:C_0603_1608Metric_Pad1.08x0.95mm_HandSolder</footprint>
      <libsource lib="Device" part="C" description="Unpolarized capacitor"/>
      <property name="Sheetname" value=""/>
      <property name="Sheetfile" value="OBC.kicad_sch"/>
      <sheetpath names="/" tstamps="/"/>
      <tstamps>ad920c90-fb19-4147-8b79-369e23f89cbb</tstamps>
    </comp>
    <comp ref="C5">
      <value>100n</value>
      <footprint>Capacitor_SMD:C_0603_1608Metric_Pad1.08x0.95mm_HandSolder</footprint>
      <libsource lib="Device" part="C" description="Unpolarized capacitor"/>
      <property name="Sheetname" value=""/>
      <property name="Sheetfile" value="OBC.kicad_sch"/>
      <sheetpath names="/" tstamps="/"/>
      <tstamps>f9aa1ec1-c64f-4866-b7bf-3b381a8683d3</tstamps>
    </comp>
    <comp ref="C6">
      <value>100n</value>
      <footprint>Capacitor_SMD:C_0603_1608Metric_Pad1.08x0.95mm_HandSolder</footprint>
      <libsource lib="Device" part="C" description="Unpolarized capacitor"/>
      <property name="Sheetname" value=""/>
      <property name="Sheetfile" value="OBC.kicad_sch"/>
      <sheetpath names="/" tstamps="/"/>
      <tstamps>2ea46854-f7c2-4b40-8f73-15ed2b0efab7</tstamps>
    </comp>
    <comp ref="C7">
      <value>22p</value>
      <footprint>Capacitor_SMD:C_0603_1608Metric_Pad1.08x0.95mm_HandSolder</footprint>
      <libsource lib="Device" part="C_Small" description="Unpolarized capacitor, small symbol"/>
      <property name="Sheetname" value=""/>
      <property name="Sheetfile" value="OBC.kicad_sch"/>
      <sheetpath names="/" tstamps="/"/>
      <tstamps>6d742c79-cf8f-4445-b289-bc26c9622bd9</tstamps>
    </comp>
    <comp ref="C8">
      <value>22p</value>
      <footprint>Capacitor_SMD:C_0603_1608Metric_Pad1.08x0.95mm_HandSolder</footprint>
      <libsource lib="Device" part="C_Small" description="Unpolarized capacitor, small symbol"/>
      <property name="Sheetname" value=""/>
      <property name="Sheetfile" value="OBC.kicad_sch"/>
      <sheetpath names="/" tstamps="/"/>
      <tstamps>4439945d-675c-4e10-a007-77bddc0a9d7b</tstamps>
    </comp>
    <comp ref="C9">
      <value>100n</value>
      <footprint>Capacitor_SMD:C_0603_1608Metric_Pad1.08x0.95mm_HandSolder</footprint>
      <libsource lib="Device" part="C" description="Unpolarized capacitor"/>
      <property name="Sheetname" value=""/>
      <property name="Sheetfile" value="OBC.kicad_sch"/>
      <sheetpath names="/" tstamps="/"/>
      <tstamps>31869691-f129-4e8e-a09a-30b3ecb9fef9</tstamps>
    </comp>
    <comp ref="C10">
      <value>100n</value>
      <footprint>Capacitor_SMD:C_0603_1608Metric_Pad1.08x0.95mm_HandSolder</footprint>
      <libsource lib="Device" part="C" description="Unpolarized capacitor"/>
      <property name="Sheetname" value=""/>
      <property name="Sheetfile" value="OBC.kicad_sch"/>
      <sheetpath names="/" tstamps="/"/>
      <tstamps>05d16bed-3ca5-430d-b7b7-bcc33d078d16</tstamps>
    </comp>
    <comp ref="C12">
      <value>100n</value>
      <footprint>Capacitor_SMD:C_0603_1608Metric_Pad1.08x0.95mm_HandSolder</footprint>
      <libsource lib="Device" part="C" description="Unpolarized capacitor"/>
      <property name="Sheetname" value=""/>
      <property name="Sheetfile" value="OBC.kicad_sch"/>
      <sheetpath names="/" tstamps="/"/>
      <tstamps>91b7bb37-e284-46a3-a854-1cc9110cab0b</tstamps>
    </comp>
    <comp ref="C13">
      <value>100n</value>
      <footprint>Capacitor_SMD:C_0603_1608Metric_Pad1.08x0.95mm_HandSolder</footprint>
      <libsource lib="Device" part="C" description="Unpolarized capacitor"/>
      <property name="Sheetname" value=""/>
      <property name="Sheetfile" value="OBC.kicad_sch"/>
      <sheetpath names="/" tstamps="/"/>
      <tstamps>86d0e3f6-22a2-4e76-9f3c-312697a93431</tstamps>
    </comp>
    <comp ref="C15">
      <value>10n</value>
      <footprint>Capacitor_SMD:C_0603_1608Metric_Pad1.08x0.95mm_HandSolder</footprint>
      <libsource lib="Device" part="C" description="Unpolarized capacitor"/>
      <property name="Sheetname" value=""/>
      <property name="Sheetfile" value="OBC.kicad_sch"/>
      <sheetpath names="/" tstamps="/"/>
      <tstamps>20ca4503-2b0a-47de-b107-00aa0dbc0f69</tstamps>
    </comp>
    <comp ref="C16">
      <value>100n</value>
      <footprint>Capacitor_SMD:C_0603_1608Metric_Pad1.08x0.95mm_HandSolder</footprint>
      <libsource lib="Device" part="C" description="Unpolarized capacitor"/>
      <property name="Sheetname" value=""/>
      <property name="Sheetfile" value="OBC.kicad_sch"/>
      <sheetpath names="/" tstamps="/"/>
      <tstamps>b1503cef-fd84-48fa-a08b-125e545b94e4</tstamps>
    </comp>
    <comp ref="C17">
      <value>100n</value>
      <footprint>Capacitor_SMD:C_0603_1608Metric_Pad1.08x0.95mm_HandSolder</footprint>
      <libsource lib="Device" part="C" description="Unpolarized capacitor"/>
      <property name="Sheetname" value=""/>
      <property name="Sheetfile" value="OBC.kicad_sch"/>
      <sheetpath names="/" tstamps="/"/>
      <tstamps>5d02a8c0-8290-4904-9a03-f1dcd610e2b6</tstamps>
    </comp>
    <comp ref="C18">
      <value>4.7u</value>
      <footprint>Capacitor_SMD:C_0603_1608Metric_Pad1.08x0.95mm_HandSolder</footprint>
      <libsource lib="Device" part="C" description="Unpolarized capacitor"/>
      <property name="Sheetname" value=""/>
      <property name="Sheetfile" value="OBC.kicad_sch"/>
      <sheetpath names="/" tstamps="/"/>
      <tstamps>57575f33-ae10-44fd-9d68-ccb440b41214</tstamps>
    </comp>
    <comp ref="C19">
      <value>2200p</value>
      <footprint>Capacitor_SMD:C_0603_1608Metric_Pad1.08x0.95mm_HandSolder</footprint>
      <libsource lib="Device" part="C" description="Unpolarized capacitor"/>
      <property name="Sheetname" value=""/>
      <property name="Sheetfile" value="OBC.kicad_sch"/>
      <sheetpath names="/" tstamps="/"/>
      <tstamps>9eae4f37-5dcb-4d2b-a7be-f3ef45c6f7d5</tstamps>
    </comp>
    <comp ref="C20">
      <value>2200p</value>
      <footprint>Capacitor_SMD:C_0603_1608Metric_Pad1.08x0.95mm_HandSolder</footprint>
      <libsource lib="Device" part="C" description="Unpolarized capacitor"/>
      <property name="Sheetname" value=""/>
      <property name="Sheetfile" value="OBC.kicad_sch"/>
      <sheetpath names="/" tstamps="/"/>
      <tstamps>0a534b6d-75c2-4d4e-ada9-3ca45517c3e5</tstamps>
    </comp>
    <comp ref="D1">
      <value>LED</value>
      <footprint>LED_SMD:LED_0603_1608Metric_Pad1.05x0.95mm_HandSolder</footprint>
      <libsource lib="Device" part="LED" description="Light emitting diode"/>
      <property name="Sheetname" value=""/>
      <property name="Sheetfile" value="OBC.kicad_sch"/>
      <sheetpath names="/" tstamps="/"/>
      <tstamps>f4e1f302-e1a2-4031-b1f6-c307cf579a00</tstamps>
    </comp>
    <comp ref="D2">
      <value>LED</value>
      <footprint>LED_SMD:LED_0603_1608Metric_Pad1.05x0.95mm_HandSolder</footprint>
      <libsource lib="Device" part="LED" description="Light emitting diode"/>
      <property name="Sheetname" value=""/>
      <property name="Sheetfile" value="OBC.kicad_sch"/>
      <sheetpath names="/" tstamps="/"/>
      <tstamps>5467b874-0e00-4917-b254-00760322ecc2</tstamps>
    </comp>
    <comp ref="D3">
      <value>LED</value>
      <footprint>LED_SMD:LED_0603_1608Metric_Pad1.05x0.95mm_HandSolder</footprint>
      <libsource lib="Device" part="LED" description="Light emitting diode"/>
      <property name="Sheetname" value=""/>
      <property name="Sheetfile" value="OBC.kicad_sch"/>
      <sheetpath names="/" tstamps="/"/>
      <tstamps>03e69091-ad34-4098-b2e4-b29b9d506ecc</tstamps>
    </comp>
    <comp ref="D4">
      <value>LED</value>
      <footprint>LED_SMD:LED_0603_1608Metric_Pad1.05x0.95mm_HandSolder</footprint>
      <libsource lib="Device" part="LED" description="Light emitting diode"/>
      <property name="Sheetname" value=""/>
      <property name="Sheetfile" value="OBC.kicad_sch"/>
      <sheetpath names="/" tstamps="/"/>
      <tstamps>0ec38825-1a5b-4f38-b7a0-2cf67c777dc4</tstamps>
    </comp>
    <comp ref="D5">
      <value>LED</value>
      <footprint>LED_SMD:LED_0603_1608Metric_Pad1.05x0.95mm_HandSolder</footprint>
      <libsource lib="Device" part="LED" description="Light emitting diode"/>
      <property name="Sheetname" value=""/>
      <property name="Sheetfile" value="OBC.kicad_sch"/>
      <sheetpath names="/" tstamps="/"/>
      <tstamps>d4130219-09e1-4044-8f6e-98d260ee3cd3</tstamps>
    </comp>
    <comp ref="D6">
      <value>LED_Small</value>
      <footprint>LED_SMD:LED_0603_1608Metric_Pad1.05x0.95mm_HandSolder</footprint>
      <libsource lib="Device" part="LED_Small" description="Light emitting diode, small symbol"/>
      <property name="Sheetname" value=""/>
      <property name="Sheetfile" value="OBC.kicad_sch"/>
      <sheetpath names="/" tstamps="/"/>
      <tstamps>7bed31b5-82fc-43f3-8e61-70cd7e8fe4f5</tstamps>
    </comp>
    <comp ref="D7">
      <value>LED_Small</value>
      <footprint>LED_SMD:LED_0603_1608Metric_Pad1.05x0.95mm_HandSolder</footprint>
      <libsource lib="Device" part="LED_Small" description="Light emitting diode, small symbol"/>
      <property name="Sheetname" value=""/>
      <property name="Sheetfile" value="OBC.kicad_sch"/>
      <sheetpath names="/" tstamps="/"/>
      <tstamps>32f8b0a0-9c77-40de-b4ac-46af5d78f8f3</tstamps>
    </comp>
    <comp ref="D8">
      <value>LED_Small</value>
      <footprint>LED_SMD:LED_0603_1608Metric_Pad1.05x0.95mm_HandSolder</footprint>
      <libsource lib="Device" part="LED_Small" description="Light emitting diode, small symbol"/>
      <property name="Sheetname" value=""/>
      <property name="Sheetfile" value="OBC.kicad_sch"/>
      <sheetpath names="/" tstamps="/"/>
      <tstamps>41fad5bc-bfa5-41e3-aa3e-fe8e1b272e5a</tstamps>
    </comp>
    <comp ref="D9">
      <value>LED_Small</value>
      <footprint>LED_SMD:LED_0603_1608Metric_Pad1.05x0.95mm_HandSolder</footprint>
      <libsource lib="Device" part="LED_Small" description="Light emitting diode, small symbol"/>
      <property name="Sheetname" value=""/>
      <property name="Sheetfile" value="OBC.kicad_sch"/>
      <sheetpath names="/" tstamps="/"/>
      <tstamps>cac0d078-c617-4a61-89d4-1004771b4f3d</tstamps>
    </comp>
    <comp ref="D10">
      <value>LED_Small</value>
      <footprint>LED_SMD:LED_0603_1608Metric_Pad1.05x0.95mm_HandSolder</footprint>
      <libsource lib="Device" part="LED_Small" description="Light emitting diode, small symbol"/>
      <property name="Sheetname" value=""/>
      <property name="Sheetfile" value="OBC.kicad_sch"/>
      <sheetpath names="/" tstamps="/"/>
      <tstamps>ecfff581-e716-484c-a51d-9967e0c574cd</tstamps>
    </comp>
    <comp ref="J1">
      <value>Conn_02x26_Odd_Even_MountingPin</value>
      <footprint>Connector_PinSocket_2.54mm:PinSocket_2x26_P2.54mm_Vertical</footprint>
      <libsource lib="Connector_Generic" part="Conn_02x26_Odd_Even" description="Generic connector, double row, 02x26, odd/even pin numbering scheme (row 1 odd numbers, row 2 even numbers), script generated (kicad-library-utils/schlib/autogen/connector/)"/>
      <property name="Sheetname" value=""/>
      <property name="Sheetfile" value="OBC.kicad_sch"/>
      <sheetpath names="/" tstamps="/"/>
      <tstamps>f8b7ef6e-63d6-4eb1-9bd5-9b9e1cbc3bce</tstamps>
    </comp>
    <comp ref="J2">
      <value>Micro_SD_Card</value>
      <footprint>Connector_Card:microSD_HC_Hirose_DM3BT-DSF-PEJS</footprint>
      <datasheet>http://katalog.we-online.de/em/datasheet/693072010801.pdf</datasheet>
      <libsource lib="Connector" part="Micro_SD_Card" description="Micro SD Card Socket"/>
      <property name="Sheetname" value=""/>
      <property name="Sheetfile" value="OBC.kicad_sch"/>
      <sheetpath names="/" tstamps="/"/>
      <tstamps>c325b9d5-3274-44d4-a58a-e2077e0df8ba</tstamps>
    </comp>
    <comp ref="J3">
      <value>Conn_01x04</value>
      <footprint>Connector_PinHeader_2.54mm:PinHeader_1x04_P2.54mm_Vertical</footprint>
      <libsource lib="Connector_Generic" part="Conn_01x04" description="Generic connector, single row, 01x04, script generated (kicad-library-utils/schlib/autogen/connector/)"/>
      <property name="Sheetname" value=""/>
      <property name="Sheetfile" value="OBC.kicad_sch"/>
      <sheetpath names="/" tstamps="/"/>
      <tstamps>ff2f26c6-71fc-43d9-a062-85a29f0105fe</tstamps>
    </comp>
    <comp ref="J4">
      <value>Conn_01x04</value>
      <footprint>Connector_PinHeader_2.54mm:PinHeader_1x04_P2.54mm_Vertical</footprint>
      <libsource lib="Connector_Generic" part="Conn_01x04" description="Generic connector, single row, 01x04, script generated (kicad-library-utils/schlib/autogen/connector/)"/>
      <property name="Sheetname" value=""/>
      <property name="Sheetfile" value="OBC.kicad_sch"/>
      <sheetpath names="/" tstamps="/"/>
      <tstamps>50e0d43f-092b-4a4d-a2cf-86d052d5e660</tstamps>
    </comp>
    <comp ref="J5">
      <value>VEML6070</value>
      <footprint>Connector_PinHeader_2.54mm:PinHeader_1x04_P2.54mm_Vertical</footprint>
      <libsource lib="Connector_Generic" part="Conn_01x04" description="Generic connector, single row, 01x04, script generated (kicad-library-utils/schlib/autogen/connector/)"/>
      <property name="Sheetname" value=""/>
      <property name="Sheetfile" value="OBC.kicad_sch"/>
      <sheetpath names="/" tstamps="/"/>
      <tstamps>490b744d-2c96-4ca6-8ba3-4ad304158de2</tstamps>
    </comp>
    <comp ref="J6">
      <value>BME280_off_board</value>
      <footprint>Connector_PinHeader_2.54mm:PinHeader_1x04_P2.54mm_Vertical</footprint>
      <libsource lib="Connector_Generic" part="Conn_01x04" description="Generic connector, single row, 01x04, script generated (kicad-library-utils/schlib/autogen/connector/)"/>
      <property name="Sheetname" value=""/>
      <property name="Sheetfile" value="OBC.kicad_sch"/>
      <sheetpath names="/" tstamps="/"/>
      <tstamps>f1582d62-ca6c-43c0-9da2-f46ebff673eb</tstamps>
    </comp>
    <comp ref="Q1">
      <value>T2N7002BK</value>
      <footprint>Package_TO_SOT_SMD:SOT-23</footprint>
      <datasheet>https://www.diodes.com/assets/Datasheets/ds30896.pdf</datasheet>
      <libsource lib="Transistor_FET" part="2N7002K" description="0.38A Id, 60V Vds, N-Channel MOSFET, SOT-23"/>
      <property name="Sheetname" value=""/>
      <property name="Sheetfile" value="OBC.kicad_sch"/>
      <sheetpath names="/" tstamps="/"/>
      <tstamps>cd7b8b52-8051-4037-8a65-51d70099ffa2</tstamps>
    </comp>
    <comp ref="R1">
      <value>150R</value>
      <footprint>Resistor_SMD:R_0603_1608Metric_Pad0.98x0.95mm_HandSolder</footprint>
      <libsource lib="Device" part="R" description="Resistor"/>
      <property name="Sheetname" value=""/>
      <property name="Sheetfile" value="OBC.kicad_sch"/>
      <sheetpath names="/" tstamps="/"/>
      <tstamps>ff1d89f3-7ff3-44b6-984b-c96e66a0d509</tstamps>
    </comp>
    <comp ref="R2">
      <value>150R</value>
      <footprint>Resistor_SMD:R_0603_1608Metric_Pad0.98x0.95mm_HandSolder</footprint>
      <libsource lib="Device" part="R" description="Resistor"/>
      <property name="Sheetname" value=""/>
      <property name="Sheetfile" value="OBC.kicad_sch"/>
      <sheetpath names="/" tstamps="/"/>
      <tstamps>d8a1b9f5-09d4-4728-8f25-7c1b9d2f6ae3</tstamps>
    </comp>
    <comp ref="R3">
      <value>150R</value>
      <footprint>Resistor_SMD:R_0603_1608Metric_Pad0.98x0.95mm_HandSolder</footprint>
      <libsource lib="Device" part="R" description="Resistor"/>
      <property name="Sheetname" value=""/>
      <property name="Sheetfile" value="OBC.kicad_sch"/>
      <sheetpath names="/" tstamps="/"/>
      <tstamps>34478176-d097-4323-bbfa-a6daf89e9564</tstamps>
    </comp>
    <comp ref="R4">
      <value>150R</value>
      <footprint>Resistor_SMD:R_0603_1608Metric_Pad0.98x0.95mm_HandSolder</footprint>
      <libsource lib="Device" part="R" description="Resistor"/>
      <property name="Sheetname" value=""/>
      <property name="Sheetfile" value="OBC.kicad_sch"/>
      <sheetpath names="/" tstamps="/"/>
      <tstamps>030e7eed-7294-40d6-8daa-1bff7f2a2050</tstamps>
    </comp>
    <comp ref="R5">
      <value>150R</value>
      <footprint>Resistor_SMD:R_0603_1608Metric_Pad0.98x0.95mm_HandSolder</footprint>
      <libsource lib="Device" part="R" description="Resistor"/>
      <property name="Sheetname" value=""/>
      <property name="Sheetfile" value="OBC.kicad_sch"/>
      <sheetpath names="/" tstamps="/"/>
      <tstamps>2b142437-234f-45db-b2c8-7434fd1d4a46</tstamps>
    </comp>
    <comp ref="R6">
      <value>10k</value>
      <footprint>Resistor_SMD:R_0603_1608Metric_Pad0.98x0.95mm_HandSolder</footprint>
      <libsource lib="Device" part="R" description="Resistor"/>
      <property name="Sheetname" value=""/>
      <property name="Sheetfile" value="OBC.kicad_sch"/>
      <sheetpath names="/" tstamps="/"/>
      <tstamps>3704b112-c76d-409b-9bb4-035a7673a95c</tstamps>
    </comp>
    <comp ref="R7">
      <value>10k</value>
      <footprint>Resistor_SMD:R_0603_1608Metric_Pad0.98x0.95mm_HandSolder</footprint>
      <libsource lib="Device" part="R" description="Resistor"/>
      <property name="Sheetname" value=""/>
      <property name="Sheetfile" value="OBC.kicad_sch"/>
      <sheetpath names="/" tstamps="/"/>
      <tstamps>4a0a3dc0-a0d6-434c-bad6-a13634762eea</tstamps>
    </comp>
    <comp ref="R8">
      <value>10k</value>
      <footprint>Resistor_SMD:R_0603_1608Metric_Pad0.98x0.95mm_HandSolder</footprint>
      <libsource lib="Device" part="R" description="Resistor"/>
      <property name="Sheetname" value=""/>
      <property name="Sheetfile" value="OBC.kicad_sch"/>
      <sheetpath names="/" tstamps="/"/>
      <tstamps>6b6aca6c-7b3e-45be-99e7-0d81468bf948</tstamps>
    </comp>
    <comp ref="R9">
      <value>1k</value>
      <footprint>Resistor_SMD:R_0603_1608Metric_Pad0.98x0.95mm_HandSolder</footprint>
      <libsource lib="Device" part="R" description="Resistor"/>
      <property name="Sheetname" value=""/>
      <property name="Sheetfile" value="OBC.kicad_sch"/>
      <sheetpath names="/" tstamps="/"/>
      <tstamps>760c524b-0831-4fe2-8823-c40468c7388a</tstamps>
    </comp>
    <comp ref="R10">
      <value>150R</value>
      <footprint>Resistor_SMD:R_0603_1608Metric_Pad0.98x0.95mm_HandSolder</footprint>
      <libsource lib="Device" part="R" description="Resistor"/>
      <property name="Sheetname" value=""/>
      <property name="Sheetfile" value="OBC.kicad_sch"/>
      <sheetpath names="/" tstamps="/"/>
      <tstamps>2c317fa9-7cc5-49ab-aaa7-06f37f5978fd</tstamps>
    </comp>
    <comp ref="R11">
      <value>150R</value>
      <footprint>Resistor_SMD:R_0603_1608Metric_Pad0.98x0.95mm_HandSolder</footprint>
      <libsource lib="Device" part="R" description="Resistor"/>
      <property name="Sheetname" value=""/>
      <property name="Sheetfile" value="OBC.kicad_sch"/>
      <sheetpath names="/" tstamps="/"/>
      <tstamps>e268d262-0db1-4c79-afeb-7290751e0fc7</tstamps>
    </comp>
    <comp ref="R12">
      <value>150R</value>
      <footprint>Resistor_SMD:R_0603_1608Metric_Pad0.98x0.95mm_HandSolder</footprint>
      <libsource lib="Device" part="R" description="Resistor"/>
      <property name="Sheetname" value=""/>
      <property name="Sheetfile" value="OBC.kicad_sch"/>
      <sheetpath names="/" tstamps="/"/>
      <tstamps>011b960e-4de8-48f1-815b-fb4e0dab3fc5</tstamps>
    </comp>
    <comp ref="R13">
      <value>150R</value>
      <footprint>Resistor_SMD:R_0603_1608Metric_Pad0.98x0.95mm_HandSolder</footprint>
      <libsource lib="Device" part="R" description="Resistor"/>
      <property name="Sheetname" value=""/>
      <property name="Sheetfile" value="OBC.kicad_sch"/>
      <sheetpath names="/" tstamps="/"/>
      <tstamps>91b60d0b-a0d2-4692-a9f2-15a161b96057</tstamps>
    </comp>
    <comp ref="R14">
      <value>10k</value>
      <footprint>Resistor_SMD:R_0603_1608Metric_Pad0.98x0.95mm_HandSolder</footprint>
      <libsource lib="Device" part="R" description="Resistor"/>
      <property name="Sheetname" value=""/>
      <property name="Sheetfile" value="OBC.kicad_sch"/>
      <sheetpath names="/" tstamps="/"/>
      <tstamps>57a561f5-6ad2-46a9-9dcf-45a98873b918</tstamps>
    </comp>
    <comp ref="R15">
      <value>150R</value>
      <footprint>Resistor_SMD:R_0603_1608Metric_Pad0.98x0.95mm_HandSolder</footprint>
      <libsource lib="Device" part="R" description="Resistor"/>
      <property name="Sheetname" value=""/>
      <property name="Sheetfile" value="OBC.kicad_sch"/>
      <sheetpath names="/" tstamps="/"/>
      <tstamps>8f568daa-f163-40fc-978b-221001abbab9</tstamps>
    </comp>
    <comp ref="R16">
      <value>10k</value>
      <footprint>Resistor_SMD:R_0603_1608Metric_Pad0.98x0.95mm_HandSolder</footprint>
      <libsource lib="Device" part="R" description="Resistor"/>
      <property name="Sheetname" value=""/>
      <property name="Sheetfile" value="OBC.kicad_sch"/>
      <sheetpath names="/" tstamps="/"/>
      <tstamps>9174f323-27b3-422e-9ed6-786319ac1710</tstamps>
    </comp>
    <comp ref="R17">
      <value>10k</value>
      <footprint>Resistor_SMD:R_0603_1608Metric_Pad0.98x0.95mm_HandSolder</footprint>
      <libsource lib="Device" part="R" description="Resistor"/>
      <property name="Sheetname" value=""/>
      <property name="Sheetfile" value="OBC.kicad_sch"/>
      <sheetpath names="/" tstamps="/"/>
      <tstamps>f628080b-7401-4f0f-86c2-3d2dd738e9d0</tstamps>
    </comp>
    <comp ref="R18">
      <value>10k</value>
      <footprint>Resistor_SMD:R_0603_1608Metric_Pad0.98x0.95mm_HandSolder</footprint>
      <libsource lib="Device" part="R" description="Resistor"/>
      <property name="Sheetname" value=""/>
      <property name="Sheetfile" value="OBC.kicad_sch"/>
      <sheetpath names="/" tstamps="/"/>
      <tstamps>df50398a-39ee-4e4d-b32c-bbf1d56a3284</tstamps>
    </comp>
    <comp ref="R19">
      <value>10k</value>
      <footprint>Resistor_SMD:R_0603_1608Metric_Pad0.98x0.95mm_HandSolder</footprint>
      <libsource lib="Device" part="R" description="Resistor"/>
      <property name="Sheetname" value=""/>
      <property name="Sheetfile" value="OBC.kicad_sch"/>
      <sheetpath names="/" tstamps="/"/>
      <tstamps>9ca356a4-21d2-475d-be00-505941f73f53</tstamps>
    </comp>
    <comp ref="R20">
      <value>10k</value>
      <footprint>Resistor_SMD:R_0603_1608Metric_Pad0.98x0.95mm_HandSolder</footprint>
      <libsource lib="Device" part="R" description="Resistor"/>
      <property name="Sheetname" value=""/>
      <property name="Sheetfile" value="OBC.kicad_sch"/>
      <sheetpath names="/" tstamps="/"/>
      <tstamps>803f8819-5d6e-496d-9b8e-198e2ea6e230</tstamps>
    </comp>
    <comp ref="SW1">
      <value>SW_Push</value>
      <footprint>Button_Switch_SMD:SW_SPST_TL3305A</footprint>
      <libsource lib="Switch" part="SW_Push" description="Push button switch, generic, two pins"/>
      <property name="Sheetname" value=""/>
      <property name="Sheetfile" value="OBC.kicad_sch"/>
      <sheetpath names="/" tstamps="/"/>
      <tstamps>612ddff2-9602-4057-b9f9-da688bbd7d76</tstamps>
    </comp>
    <comp ref="SW2">
      <value>SW_Push</value>
      <footprint>Button_Switch_SMD:SW_SPST_TL3305A</footprint>
      <libsource lib="Switch" part="SW_Push" description="Push button switch, generic, two pins"/>
      <property name="Sheetname" value=""/>
      <property name="Sheetfile" value="OBC.kicad_sch"/>
      <sheetpath names="/" tstamps="/"/>
      <tstamps>04ece39e-0d5e-4193-a850-0da65e922465</tstamps>
    </comp>
    <comp ref="SW3">
      <value>SW_Push</value>
      <footprint>Button_Switch_SMD:SW_SPST_TL3305A</footprint>
      <libsource lib="Switch" part="SW_Push" description="Push button switch, generic, two pins"/>
      <property name="Sheetname" value=""/>
      <property name="Sheetfile" value="OBC.kicad_sch"/>
      <sheetpath names="/" tstamps="/"/>
      <tstamps>ddc27ba5-e196-4fd1-9b64-1df31a249e77</tstamps>
    </comp>
    <comp ref="TP1">
      <value>TestPoint</value>
      <footprint>TestPoint:TestPoint_THTPad_D1.5mm_Drill0.7mm</footprint>
      <datasheet>  (layer "F.Cu")</datasheet>
      <libsource lib="Connector" part="TestPoint" description="test point"/>
      <property name="Sheetname" value=""/>
      <property name="Sheetfile" value="OBC.kicad_sch"/>
      <sheetpath names="/" tstamps="/"/>
      <tstamps>2fba1e16-1ddd-4c4f-9fd9-68854bb0f01c</tstamps>
    </comp>
    <comp ref="TP2">
      <value>TestPoint</value>
      <footprint>TestPoint:TestPoint_THTPad_D1.5mm_Drill0.7mm</footprint>
      <datasheet>  (layer "F.Cu")</datasheet>
      <libsource lib="Connector" part="TestPoint" description="test point"/>
      <property name="Sheetname" value=""/>
      <property name="Sheetfile" value="OBC.kicad_sch"/>
      <sheetpath names="/" tstamps="/"/>
      <tstamps>378efd91-8843-46bf-98ab-02e11968bbc0</tstamps>
    </comp>
    <comp ref="TP3">
      <value>TestPoint</value>
      <footprint>TestPoint:TestPoint_THTPad_D1.5mm_Drill0.7mm</footprint>
      <datasheet>  (layer "F.Cu")</datasheet>
      <libsource lib="Connector" part="TestPoint" description="test point"/>
      <property name="Sheetname" value=""/>
      <property name="Sheetfile" value="OBC.kicad_sch"/>
      <sheetpath names="/" tstamps="/"/>
      <tstamps>268a7db6-cc58-4836-9975-7bfe9abe1672</tstamps>
    </comp>
    <comp ref="TP4">
      <value>TestPoint</value>
      <footprint>TestPoint:TestPoint_THTPad_D1.5mm_Drill0.7mm</footprint>
      <datasheet>  (layer "F.Cu")</datasheet>
      <libsource lib="Connector" part="TestPoint" description="test point"/>
      <property name="Sheetname" value=""/>
      <property name="Sheetfile" value="OBC.kicad_sch"/>
      <sheetpath names="/" tstamps="/"/>
      <tstamps>84d3bd67-e23d-4693-94f3-e045d6bcbe07</tstamps>
    </comp>
    <comp ref="TP5">
      <value>TestPoint</value>
      <footprint>TestPoint:TestPoint_THTPad_D1.5mm_Drill0.7mm</footprint>
      <datasheet>  (layer "F.Cu")</datasheet>
      <libsource lib="Connector" part="TestPoint" description="test point"/>
      <property name="Sheetname" value=""/>
      <property name="Sheetfile" value="OBC.kicad_sch"/>
      <sheetpath names="/" tstamps="/"/>
      <tstamps>1ef3214e-1d81-4f75-b462-b65fcbb62b9d</tstamps>
    </comp>
    <comp ref="TP6">
      <value>TestPoint</value>
      <footprint>TestPoint:TestPoint_THTPad_D1.5mm_Drill0.7mm</footprint>
      <datasheet>  (layer "F.Cu")</datasheet>
      <libsource lib="Connector" part="TestPoint" description="test point"/>
      <property name="Sheetname" value=""/>
      <property name="Sheetfile" value="OBC.kicad_sch"/>
      <sheetpath names="/" tstamps="/"/>
      <tstamps>68f2e045-496d-44b8-a0d5-4d4485059fc4</tstamps>
    </comp>
    <comp ref="TP7">
      <value>TestPoint</value>
      <footprint>TestPoint:TestPoint_THTPad_D1.5mm_Drill0.7mm</footprint>
      <datasheet>  (layer "F.Cu")</datasheet>
      <libsource lib="Connector" part="TestPoint" description="test point"/>
      <property name="Sheetname" value=""/>
      <property name="Sheetfile" value="OBC.kicad_sch"/>
      <sheetpath names="/" tstamps="/"/>
      <tstamps>ccdf4bb7-bc15-4b19-a3ea-07bda285a630</tstamps>
    </comp>
    <comp ref="TP8">
      <value>TestPoint</value>
      <footprint>TestPoint:TestPoint_THTPad_D1.5mm_Drill0.7mm</footprint>
      <datasheet>  (layer "F.Cu")</datasheet>
      <libsource lib="Connector" part="TestPoint" description="test point"/>
      <property name="Sheetname" value=""/>
      <property name="Sheetfile" value="OBC.kicad_sch"/>
      <sheetpath names="/" tstamps="/"/>
      <tstamps>878df055-3c5a-474a-99f8-d8d5960f3bf3</tstamps>
    </comp>
    <comp ref="U1">
      <value>FPF2103</value>
      <footprint>Package_TO_SOT_SMD:SOT-23-5_HandSoldering</footprint>
      <datasheet>https://www.onsemi.com/pub/Collateral/FPF2001-D.pdf</datasheet>
      <libsource lib="Power_Management" part="FPF2000" description="Single power-distribution switcher, current limit = 50mA, blanking time = 10 ms, auto-restart time = 80 ms, ON Pin Polarity = HIGH, SOT-353"/>
      <property name="Sheetname" value=""/>
      <property name="Sheetfile" value="OBC.kicad_sch"/>
      <sheetpath names="/" tstamps="/"/>
      <tstamps>3c8e3f1f-aabf-4e65-844e-1d92c5745659</tstamps>
    </comp>
    <comp ref="U2">
      <value>FPF2103</value>
      <footprint>Package_TO_SOT_SMD:SOT-23-5_HandSoldering</footprint>
      <datasheet>https://www.onsemi.com/pub/Collateral/FPF2001-D.pdf</datasheet>
      <libsource lib="Power_Management" part="FPF2000" description="Single power-distribution switcher, current limit = 50mA, blanking time = 10 ms, auto-restart time = 80 ms, ON Pin Polarity = HIGH, SOT-353"/>
      <property name="Sheetname" value=""/>
      <property name="Sheetfile" value="OBC.kicad_sch"/>
      <sheetpath names="/" tstamps="/"/>
      <tstamps>7d36dba2-0525-44ea-9538-266913823691</tstamps>
    </comp>
    <comp ref="U3">
      <value>FPF2103</value>
      <footprint>Package_TO_SOT_SMD:SOT-23-5_HandSoldering</footprint>
      <datasheet>https://www.onsemi.com/pub/Collateral/FPF2001-D.pdf</datasheet>
      <libsource lib="Power_Management" part="FPF2000" description="Single power-distribution switcher, current limit = 50mA, blanking time = 10 ms, auto-restart time = 80 ms, ON Pin Polarity = HIGH, SOT-353"/>
      <property name="Sheetname" value=""/>
      <property name="Sheetfile" value="OBC.kicad_sch"/>
      <sheetpath names="/" tstamps="/"/>
      <tstamps>05917191-d91a-458f-9b36-940e851d9f8b</tstamps>
    </comp>
    <comp ref="U4">
      <value>FPF2103</value>
      <footprint>Package_TO_SOT_SMD:SOT-23-5_HandSoldering</footprint>
      <datasheet>https://www.onsemi.com/pub/Collateral/FPF2001-D.pdf</datasheet>
      <libsource lib="Power_Management" part="FPF2000" description="Single power-distribution switcher, current limit = 50mA, blanking time = 10 ms, auto-restart time = 80 ms, ON Pin Polarity = HIGH, SOT-353"/>
      <property name="Sheetname" value=""/>
      <property name="Sheetfile" value="OBC.kicad_sch"/>
      <sheetpath names="/" tstamps="/"/>
      <tstamps>544a9ba1-4a40-4b2f-8b3f-2e3afe17b05f</tstamps>
    </comp>
    <comp ref="U5">
      <value>FPF2103</value>
      <footprint>Package_TO_SOT_SMD:SOT-23-5_HandSoldering</footprint>
      <datasheet>https://www.onsemi.com/pub/Collateral/FPF2001-D.pdf</datasheet>
      <libsource lib="Power_Management" part="FPF2000" description="Single power-distribution switcher, current limit = 50mA, blanking time = 10 ms, auto-restart time = 80 ms, ON Pin Polarity = HIGH, SOT-353"/>
      <property name="Sheetname" value=""/>
      <property name="Sheetfile" value="OBC.kicad_sch"/>
      <sheetpath names="/" tstamps="/"/>
      <tstamps>9649e0e3-7dc8-4e59-9d80-45b25de74347</tstamps>
    </comp>
    <comp ref="U6">
      <value>STM32F030CCTx</value>
      <footprint>Package_QFP:LQFP-48_7x7mm_P0.5mm</footprint>
      <datasheet>http://www.st.com/st-web-ui/static/active/en/resource/technical/document/datasheet/DM00088500.pdf</datasheet>
      <libsource lib="MCU_ST_STM32F0" part="STM32F030CCTx" description="ARM Cortex-M0 MCU, 256KB flash, 32KB RAM, 48MHz, 2.4-3.6V, 37 GPIO, LQFP-48"/>
      <property name="Sheetname" value=""/>
      <property name="Sheetfile" value="OBC.kicad_sch"/>
      <sheetpath names="/" tstamps="/"/>
      <tstamps>00000000-0000-0000-0000-0000637676c3</tstamps>
    </comp>
    <comp ref="U7">
      <value>MPU-6050</value>
      <footprint>Sensor_Motion:InvenSense_QFN-24_4x4mm_P0.5mm</footprint>
      <libsource lib="Template-rescue" part="MPU-6050-Apzimejumi" description=""/>
      <property name="Sheetname" value=""/>
      <property name="Sheetfile" value="OBC.kicad_sch"/>
      <sheetpath names="/" tstamps="/"/>
      <tstamps>d03321b4-9a61-4053-a62e-04e65c5392b7</tstamps>
    </comp>
    <comp ref="U8">
      <value>QMC5883</value>
      <footprint>Package_LGA:LGA-16_3x3mm_P0.5mm</footprint>
      <datasheet>http://www.memsic.com/userfiles/files/DataSheets/Magnetic-Sensors-Datasheets/MMC5883MA-RevC.pdf</datasheet>
      <libsource lib="Sensor_Magnetic" part="MMC5883MA" description="3-axis Magnetic Sensor, I2C Interface, LGA-16"/>
      <property name="Sheetname" value=""/>
      <property name="Sheetfile" value="OBC.kicad_sch"/>
      <sheetpath names="/" tstamps="/"/>
      <tstamps>51135311-04dd-42b4-8426-e3fc246790af</tstamps>
    </comp>
    <comp ref="U9">
      <value>BME-280</value>
      <footprint>Package_LGA:Bosch_LGA-8_2.5x2.5mm_P0.65mm_ClockwisePinNumbering</footprint>
      <libsource lib="Template-rescue" part="BME-280-Apzimejumi" description=""/>
      <property name="Sheetname" value=""/>
      <property name="Sheetfile" value="OBC.kicad_sch"/>
      <sheetpath names="/" tstamps="/"/>
      <tstamps>a4361819-b6b6-4181-96d4-2aed9f28454c</tstamps>
    </comp>
    <comp ref="Y1">
      <value>8MHz</value>
      <footprint>Crystal:Crystal_SMD_2016-4Pin_2.0x1.6mm</footprint>
      <libsource lib="Device" part="Crystal_GND24_Small" description="Four pin crystal, GND on pins 2 and 4, small symbol"/>
      <property name="Sheetname" value=""/>
      <property name="Sheetfile" value="OBC.kicad_sch"/>
      <sheetpath names="/" tstamps="/"/>
      <tstamps>ef845799-8958-4e1d-9197-be163067fa63</tstamps>
    </comp>
  </components>
  <libparts>
    <libpart lib="Connector" part="Micro_SD_Card">
      <description>Micro SD Card Socket</description>
      <docs>http://katalog.we-online.de/em/datasheet/693072010801.pdf</docs>
      <footprints>
        <fp>microSD*</fp>
      </footprints>
      <fields>
        <field name="Reference">J</field>
        <field name="Value">Micro_SD_Card</field>
        <field name="Datasheet">http://katalog.we-online.de/em/datasheet/693072010801.pdf</field>
      </fields>
      <pins>
        <pin num="1" name="DAT2" type="bidirectional"/>
        <pin num="2" name="DAT3/CD" type="bidirectional"/>
        <pin num="3" name="CMD" type="input"/>
        <pin num="4" name="VDD" type="power_in"/>
        <pin num="5" name="CLK" type="input"/>
        <pin num="6" name="VSS" type="power_in"/>
        <pin num="7" name="DAT0" type="bidirectional"/>
        <pin num="8" name="DAT1" type="bidirectional"/>
        <pin num="9" name="SHIELD" type="passive"/>
      </pins>
    </libpart>
    <libpart lib="Connector" part="TestPoint">
      <description>test point</description>
      <docs>~</docs>
      <footprints>
        <fp>Pin*</fp>
        <fp>Test*</fp>
      </footprints>
      <fields>
        <field name="Reference">TP</field>
        <field name="Value">TestPoint</field>
        <field name="Datasheet">~</field>
      </fields>
      <pins>
        <pin num="1" name="1" type="passive"/>
      </pins>
    </libpart>
    <libpart lib="Connector_Generic" part="Conn_01x04">
      <description>Generic connector, single row, 01x04, script generated (kicad-library-utils/schlib/autogen/connector/)</description>
      <docs>~</docs>
      <footprints>
        <fp>Connector*:*_1x??_*</fp>
      </footprints>
      <fields>
        <field name="Reference">J</field>
        <field name="Value">Conn_01x04</field>
        <field name="Datasheet">~</field>
      </fields>
      <pins>
        <pin num="1" name="Pin_1" type="passive"/>
        <pin num="2" name="Pin_2" type="passive"/>
        <pin num="3" name="Pin_3" type="passive"/>
        <pin num="4" name="Pin_4" type="passive"/>
      </pins>
    </libpart>
    <libpart lib="Connector_Generic" part="Conn_02x26_Odd_Even">
      <description>Generic connector, double row, 02x26, odd/even pin numbering scheme (row 1 odd numbers, row 2 even numbers), script generated (kicad-library-utils/schlib/autogen/connector/)</description>
      <docs>~</docs>
      <footprints>
        <fp>Connector*:*_2x??_*</fp>
      </footprints>
      <fields>
        <field name="Reference">J</field>
        <field name="Value">Conn_02x26_Odd_Even</field>
        <field name="Datasheet">~</field>
      </fields>
      <pins>
        <pin num="1" name="Pin_1" type="passive"/>
        <pin num="2" name="Pin_2" type="passive"/>
        <pin num="3" name="Pin_3" type="passive"/>
        <pin num="4" name="Pin_4" type="passive"/>
        <pin num="5" name="Pin_5" type="passive"/>
        <pin num="6" name="Pin_6" type="passive"/>
        <pin num="7" name="Pin_7" type="passive"/>
        <pin num="8" name="Pin_8" type="passive"/>
        <pin num="9" name="Pin_9" type="passive"/>
        <pin num="10" name="Pin_10" type="passive"/>
        <pin num="11" name="Pin_11" type="passive"/>
        <pin num="12" name="Pin_12" type="passive"/>
        <pin num="13" name="Pin_13" type="passive"/>
        <pin num="14" name="Pin_14" type="passive"/>
        <pin num="15" name="Pin_15" type="passive"/>
        <pin num="16" name="Pin_16" type="passive"/>
        <pin num="17" name="Pin_17" type="passive"/>
        <pin num="18" name="Pin_18" type="passive"/>
        <pin num="19" name="Pin_19" type="passive"/>
        <pin num="20" name="Pin_20" type="passive"/>
        <pin num="21" name="Pin_21" type="passive"/>
        <pin num="22" name="Pin_22" type="passive"/>
        <pin num="23" name="Pin_23" type="passive"/>
        <pin num="24" name="Pin_24" type="passive"/>
        <pin num="25" name="Pin_25" type="passive"/>
        <pin num="26" name="Pin_26" type="passive"/>
        <pin num="27" name="Pin_27" type="passive"/>
        <pin num="28" name="Pin_28" type="passive"/>
        <pin num="29" name="Pin_29" type="passive"/>
        <pin num="30" name="Pin_30" type="passive"/>
        <pin num="31" name="Pin_31" type="passive"/>
        <pin num="32" name="Pin_32" type="passive"/>
        <pin num="33" name="Pin_33" type="passive"/>
        <pin num="34" name="Pin_34" type="passive"/>
        <pin num="35" name="Pin_35" type="passive"/>
        <pin num="36" name="Pin_36" type="passive"/>
        <pin num="37" name="Pin_37" type="passive"/>
        <pin num="38" name="Pin_38" type="passive"/>
        <pin num="39" name="Pin_39" type="passive"/>
        <pin num="40" name="Pin_40" type="passive"/>
        <pin num="41" name="Pin_41" type="passive"/>
        <pin num="42" name="Pin_42" type="passive"/>
        <pin num="43" name="Pin_43" type="passive"/>
        <pin num="44" name="Pin_44" type="passive"/>
        <pin num="45" name="Pin_45" type="passive"/>
        <pin num="46" name="Pin_46" type="passive"/>
        <pin num="47" name="Pin_47" type="passive"/>
        <pin num="48" name="Pin_48" type="passive"/>
        <pin num="49" name="Pin_49" type="passive"/>
        <pin num="50" name="Pin_50" type="passive"/>
        <pin num="51" name="Pin_51" type="passive"/>
        <pin num="52" name="Pin_52" type="passive"/>
      </pins>
    </libpart>
    <libpart lib="Device" part="C">
      <description>Unpolarized capacitor</description>
      <docs>~</docs>
      <footprints>
        <fp>C_*</fp>
      </footprints>
      <fields>
        <field name="Reference">C</field>
        <field name="Value">C</field>
        <field name="Datasheet">~</field>
      </fields>
      <pins>
        <pin num="1" name="" type="passive"/>
        <pin num="2" name="" type="passive"/>
      </pins>
    </libpart>
    <libpart lib="Device" part="C_Small">
      <description>Unpolarized capacitor, small symbol</description>
      <docs>~</docs>
      <footprints>
        <fp>C_*</fp>
      </footprints>
      <fields>
        <field name="Reference">C</field>
        <field name="Value">C_Small</field>
        <field name="Datasheet">~</field>
      </fields>
      <pins>
        <pin num="1" name="" type="passive"/>
        <pin num="2" name="" type="passive"/>
      </pins>
    </libpart>
    <libpart lib="Device" part="Crystal_GND24_Small">
      <description>Four pin crystal, GND on pins 2 and 4, small symbol</description>
      <docs>~</docs>
      <footprints>
        <fp>Crystal*</fp>
      </footprints>
      <fields>
        <field name="Reference">Y</field>
        <field name="Value">Crystal_GND24_Small</field>
        <field name="Datasheet">~</field>
      </fields>
      <pins>
        <pin num="1" name="1" type="passive"/>
        <pin num="2" name="2" type="passive"/>
        <pin num="3" name="3" type="passive"/>
        <pin num="4" name="4" type="passive"/>
      </pins>
    </libpart>
    <libpart lib="Device" part="LED">
      <description>Light emitting diode</description>
      <docs>~</docs>
      <footprints>
        <fp>LED*</fp>
        <fp>LED_SMD:*</fp>
        <fp>LED_THT:*</fp>
      </footprints>
      <fields>
        <field name="Reference">D</field>
        <field name="Value">LED</field>
        <field name="Datasheet">~</field>
      </fields>
      <pins>
        <pin num="1" name="K" type="passive"/>
        <pin num="2" name="A" type="passive"/>
      </pins>
    </libpart>
    <libpart lib="Device" part="LED_Small">
      <description>Light emitting diode, small symbol</description>
      <docs>~</docs>
      <footprints>
        <fp>LED*</fp>
        <fp>LED_SMD:*</fp>
        <fp>LED_THT:*</fp>
      </footprints>
      <fields>
        <field name="Reference">D</field>
        <field name="Value">LED_Small</field>
        <field name="Datasheet">~</field>
      </fields>
      <pins>
        <pin num="1" name="K" type="passive"/>
        <pin num="2" name="A" type="passive"/>
      </pins>
    </libpart>
    <libpart lib="Device" part="R">
      <description>Resistor</description>
      <docs>~</docs>
      <footprints>
        <fp>R_*</fp>
      </footprints>
      <fields>
        <field name="Reference">R</field>
        <field name="Value">R</field>
        <field name="Datasheet">~</field>
      </fields>
      <pins>
        <pin num="1" name="" type="passive"/>
        <pin num="2" name="" type="passive"/>
      </pins>
    </libpart>
    <libpart lib="MCU_ST_STM32F0" part="STM32F030CCTx">
      <description>ARM Cortex-M0 MCU, 256KB flash, 32KB RAM, 48MHz, 2.4-3.6V, 37 GPIO, LQFP-48</description>
      <docs>http://www.st.com/st-web-ui/static/active/en/resource/technical/document/datasheet/DM00088500.pdf</docs>
      <footprints>
        <fp>LQFP*7x7mm*P0.5mm*</fp>
      </footprints>
      <fields>
        <field name="Reference">U</field>
        <field name="Value">STM32F030CCTx</field>
        <field name="Footprint">Package_QFP:LQFP-48_7x7mm_P0.5mm</field>
        <field name="Datasheet">http://www.st.com/st-web-ui/static/active/en/resource/technical/document/datasheet/DM00088500.pdf</field>
      </fields>
      <pins>
        <pin num="1" name="VDD" type="power_in"/>
        <pin num="2" name="PC13" type="bidirectional"/>
        <pin num="3" name="PC14" type="bidirectional"/>
        <pin num="4" name="PC15" type="bidirectional"/>
        <pin num="5" name="PF0" type="input"/>
        <pin num="6" name="PF1" type="input"/>
        <pin num="7" name="NRST" type="input"/>
        <pin num="8" name="VSSA" type="power_in"/>
        <pin num="9" name="VDDA" type="power_in"/>
        <pin num="10" name="PA0" type="bidirectional"/>
        <pin num="11" name="PA1" type="bidirectional"/>
        <pin num="12" name="PA2" type="bidirectional"/>
        <pin num="13" name="PA3" type="bidirectional"/>
        <pin num="14" name="PA4" type="bidirectional"/>
        <pin num="15" name="PA5" type="bidirectional"/>
        <pin num="16" name="PA6" type="bidirectional"/>
        <pin num="17" name="PA7" type="bidirectional"/>
        <pin num="18" name="PB0" type="bidirectional"/>
        <pin num="19" name="PB1" type="bidirectional"/>
        <pin num="20" name="PB2" type="bidirectional"/>
        <pin num="21" name="PB10" type="bidirectional"/>
        <pin num="22" name="PB11" type="bidirectional"/>
        <pin num="23" name="VSS" type="power_in"/>
        <pin num="24" name="VDD" type="power_in"/>
        <pin num="25" name="PB12" type="bidirectional"/>
        <pin num="26" name="PB13" type="bidirectional"/>
        <pin num="27" name="PB14" type="bidirectional"/>
        <pin num="28" name="PB15" type="bidirectional"/>
        <pin num="29" name="PA8" type="bidirectional"/>
        <pin num="30" name="PA9" type="bidirectional"/>
        <pin num="31" name="PA10" type="bidirectional"/>
        <pin num="32" name="PA11" type="bidirectional"/>
        <pin num="33" name="PA12" type="bidirectional"/>
        <pin num="34" name="PA13" type="bidirectional"/>
        <pin num="35" name="VSS" type="power_in"/>
        <pin num="36" name="VDD" type="power_in"/>
        <pin num="37" name="PA14" type="bidirectional"/>
        <pin num="38" name="PA15" type="bidirectional"/>
        <pin num="39" name="PB3" type="bidirectional"/>
        <pin num="40" name="PB4" type="bidirectional"/>
        <pin num="41" name="PB5" type="bidirectional"/>
        <pin num="42" name="PB6" type="bidirectional"/>
        <pin num="43" name="PB7" type="bidirectional"/>
        <pin num="44" name="BOOT0" type="input"/>
        <pin num="45" name="PB8" type="bidirectional"/>
        <pin num="46" name="PB9" type="bidirectional"/>
        <pin num="47" name="VSS" type="power_in"/>
        <pin num="48" name="VDD" type="power_in"/>
      </pins>
    </libpart>
    <libpart lib="Power_Management" part="FPF2000">
      <description>Single power-distribution switcher, current limit = 50mA, blanking time = 10 ms, auto-restart time = 80 ms, ON Pin Polarity = HIGH, SOT-353</description>
      <docs>https://www.onsemi.com/pub/Collateral/FPF2001-D.pdf</docs>
      <footprints>
        <fp>SOT?353*</fp>
      </footprints>
      <fields>
        <field name="Reference">U?</field>
        <field name="Value">FPF2000</field>
        <field name="Footprint">Package_TO_SOT_SMD:SOT-353_SC-70-5</field>
        <field name="Datasheet">https://www.onsemi.com/pub/Collateral/FPF2001-D.pdf</field>
      </fields>
      <pins>
        <pin num="1" name="VIN" type="power_in"/>
        <pin num="2" name="GND" type="power_in"/>
        <pin num="3" name="ON" type="input"/>
        <pin num="4" name="FLAGB" type="open_collector"/>
        <pin num="5" name="VOUT" type="power_out"/>
      </pins>
    </libpart>
    <libpart lib="Sensor_Magnetic" part="MMC5883MA">
      <description>3-axis Magnetic Sensor, I2C Interface, LGA-16</description>
      <docs>http://www.memsic.com/userfiles/files/DataSheets/Magnetic-Sensors-Datasheets/MMC5883MA-RevC.pdf</docs>
      <footprints>
        <fp>*LGA*3x3mm*P0.5mm*</fp>
      </footprints>
      <fields>
        <field name="Reference">U?</field>
        <field name="Value">MMC5883MA</field>
        <field name="Footprint">Package_LGA:LGA-16_3x3mm_P0.5mm</field>
        <field name="Datasheet">http://www.memsic.com/userfiles/files/DataSheets/Magnetic-Sensors-Datasheets/MMC5883MA-RevC.pdf</field>
      </fields>
      <pins>
        <pin num="1" name="SCL" type="input"/>
        <pin num="2" name="VDD" type="power_in"/>
        <pin num="3" name="NC" type="no_connect"/>
        <pin num="4" name="S1" type="input"/>
        <pin num="5" name="NC" type="no_connect"/>
        <pin num="6" name="NC" type="no_connect"/>
        <pin num="7" name="NC" type="no_connect"/>
        <pin num="8" name="SETP" type="input"/>
        <pin num="9" name="GND" type="power_in"/>
        <pin num="10" name="CAP" type="passive"/>
        <pin num="11" name="GND" type="power_in"/>
        <pin num="12" name="SETC" type="input"/>
        <pin num="13" name="VDDIO" type="power_in"/>
        <pin num="14" name="NC" type="no_connect"/>
        <pin num="15" name="INT" type="output"/>
        <pin num="16" name="SDA" type="bidirectional"/>
      </pins>
    </libpart>
    <libpart lib="Switch" part="SW_Push">
      <description>Push button switch, generic, two pins</description>
      <docs>~</docs>
      <fields>
        <field name="Reference">SW</field>
        <field name="Value">SW_Push</field>
        <field name="Datasheet">~</field>
      </fields>
      <pins>
        <pin num="1" name="1" type="passive"/>
        <pin num="2" name="2" type="passive"/>
      </pins>
    </libpart>
    <libpart lib="Template-rescue" part="BME-280-Apzimejumi">
      <fields>
        <field name="Reference">U</field>
        <field name="Value">BME-280-Apzimejumi</field>
      </fields>
      <pins>
        <pin num="1" name="GND" type="input"/>
        <pin num="2" name="CSB" type="input"/>
        <pin num="3" name="SDI" type="input"/>
        <pin num="4" name="SCK" type="input"/>
        <pin num="5" name="SDO" type="input"/>
        <pin num="6" name="VddIO" type="input"/>
        <pin num="7" name="GND" type="input"/>
        <pin num="8" name="Vdd" type="input"/>
      </pins>
    </libpart>
    <libpart lib="Template-rescue" part="MPU-6050-Apzimejumi">
      <fields>
        <field name="Reference">U</field>
        <field name="Value">MPU-6050-Apzimejumi</field>
      </fields>
      <pins>
        <pin num="1" name="CLKin" type="input"/>
        <pin num="2" name="NC" type="input"/>
        <pin num="3" name="NC" type="input"/>
        <pin num="4" name="NC" type="input"/>
        <pin num="5" name="NC" type="input"/>
        <pin num="6" name="AUX_DA" type="input"/>
        <pin num="7" name="AUX_CL" type="input"/>
        <pin num="8" name="V_logic" type="input"/>
        <pin num="9" name="AD0" type="input"/>
        <pin num="10" name="REG_out" type="input"/>
        <pin num="11" name="FSYNC" type="input"/>
        <pin num="12" name="INT" type="input"/>
        <pin num="13" name="VDD" type="input"/>
        <pin num="14" name="NC" type="input"/>
        <pin num="15" name="NC" type="input"/>
        <pin num="16" name="NC" type="input"/>
        <pin num="17" name="NC" type="input"/>
        <pin num="18" name="GND" type="input"/>
        <pin num="19" name="RESV" type="input"/>
        <pin num="20" name="CP_out" type="input"/>
        <pin num="21" name="RESV" type="input"/>
        <pin num="22" name="RESV" type="input"/>
        <pin num="23" name="SCL" type="input"/>
        <pin num="24" name="SDA" type="input"/>
      </pins>
    </libpart>
    <libpart lib="Transistor_FET" part="2N7002K">
      <description>0.38A Id, 60V Vds, N-Channel MOSFET, SOT-23</description>
      <docs>https://www.diodes.com/assets/Datasheets/ds30896.pdf</docs>
      <footprints>
        <fp>SOT?23*</fp>
      </footprints>
      <fields>
        <field name="Reference">Q</field>
        <field name="Value">2N7002K</field>
        <field name="Footprint">Package_TO_SOT_SMD:SOT-23</field>
        <field name="Datasheet">https://www.diodes.com/assets/Datasheets/ds30896.pdf</field>
      </fields>
      <pins>
        <pin num="1" name="G" type="input"/>
        <pin num="2" name="S" type="passive"/>
        <pin num="3" name="D" type="passive"/>
      </pins>
    </libpart>
  </libparts>
  <libraries>
    <library logical="Connector">
      <uri>C:\Program Files\KiCad\6.0\share\kicad\symbols\/Connector.kicad_sym</uri>
    </library>
    <library logical="Connector_Generic">
      <uri>C:\Program Files\KiCad\6.0\share\kicad\symbols\/Connector_Generic.kicad_sym</uri>
    </library>
    <library logical="Device">
      <uri>C:\Program Files\KiCad\6.0\share\kicad\symbols\/Device.kicad_sym</uri>
    </library>
    <library logical="MCU_ST_STM32F0">
      <uri>C:\Program Files\KiCad\6.0\share\kicad\symbols\/MCU_ST_STM32F0.kicad_sym</uri>
    </library>
    <library logical="Power_Management">
      <uri>C:\Program Files\KiCad\6.0\share\kicad\symbols\/Power_Management.kicad_sym</uri>
    </library>
    <library logical="Sensor_Magnetic">
      <uri>C:\Program Files\KiCad\6.0\share\kicad\symbols\/Sensor_Magnetic.kicad_sym</uri>
    </library>
    <library logical="Switch">
      <uri>C:\Program Files\KiCad\6.0\share\kicad\symbols\/Switch.kicad_sym</uri>
    </library>
    <library logical="Transistor_FET">
      <uri>C:\Program Files\KiCad\6.0\share\kicad\symbols\/Transistor_FET.kicad_sym</uri>
    </library>
  </libraries>
  <nets>
    <net code="1" name="+3V3">
      <node ref="J2" pin="4" pinfunction="VDD" pintype="power_in"/>
    </net>
    <net code="2" name="3V3.COM">
      <node ref="J1" pin="19" pinfunction="Pin_19" pintype="passive"/>
      <node ref="J1" pin="20" pinfunction="Pin_20" pintype="passive"/>
    </net>
    <net code="3" name="3V3.OBC">
      <node ref="C1" pin="2" pintype="passive"/>
      <node ref="C10" pin="1" pintype="passive"/>
      <node ref="C2" pin="2" pintype="passive"/>
      <node ref="C3" pin="2" pintype="passive"/>
      <node ref="C4" pin="2" pintype="passive"/>
      <node ref="C5" pin="2" pintype="passive"/>
      <node ref="J1" pin="21" pinfunction="Pin_21" pintype="passive"/>
      <node ref="J1" pin="22" pinfunction="Pin_22" pintype="passive"/>
      <node ref="J3" pin="1" pinfunction="Pin_1" pintype="passive"/>
      <node ref="Q1" pin="1" pinfunction="G" pintype="input"/>
      <node ref="R14" pin="1" pintype="passive"/>
      <node ref="R16" pin="1" pintype="passive"/>
      <node ref="R17" pin="1" pintype="passive"/>
      <node ref="R19" pin="1" pintype="passive"/>
      <node ref="R6" pin="1" pintype="passive"/>
      <node ref="R7" pin="1" pintype="passive"/>
      <node ref="R8" pin="1" pintype="passive"/>
      <node ref="U1" pin="1" pinfunction="VIN" pintype="power_in"/>
      <node ref="U1" pin="3" pinfunction="ON" pintype="input"/>
      <node ref="U2" pin="1" pinfunction="VIN" pintype="power_in"/>
      <node ref="U2" pin="3" pinfunction="ON" pintype="input"/>
      <node ref="U3" pin="1" pinfunction="VIN" pintype="power_in"/>
      <node ref="U3" pin="3" pinfunction="ON" pintype="input"/>
      <node ref="U4" pin="1" pinfunction="VIN" pintype="power_in"/>
      <node ref="U4" pin="3" pinfunction="ON" pintype="input"/>
      <node ref="U5" pin="1" pinfunction="VIN" pintype="power_in"/>
      <node ref="U5" pin="3" pinfunction="ON" pintype="input"/>
      <node ref="U6" pin="1" pinfunction="VDD" pintype="power_in"/>
      <node ref="U6" pin="24" pinfunction="VDD" pintype="power_in"/>
      <node ref="U6" pin="36" pinfunction="VDD" pintype="power_in"/>
      <node ref="U6" pin="48" pinfunction="VDD" pintype="power_in"/>
      <node ref="U6" pin="9" pinfunction="VDDA" pintype="power_in"/>
    </net>
    <net code="4" name="4V0.C1">
      <node ref="J1" pin="10" pinfunction="Pin_10" pintype="passive"/>
      <node ref="J1" pin="9" pinfunction="Pin_9" pintype="passive"/>
    </net>
    <net code="5" name="4V0.C2">
      <node ref="J1" pin="11" pinfunction="Pin_11" pintype="passive"/>
      <node ref="J1" pin="12" pinfunction="Pin_12" pintype="passive"/>
    </net>
    <net code="6" name="4V0.C3">
      <node ref="J1" pin="13" pinfunction="Pin_13" pintype="passive"/>
      <node ref="J1" pin="14" pinfunction="Pin_14" pintype="passive"/>
    </net>
    <net code="7" name="4V0.COM">
      <node ref="J1" pin="15" pinfunction="Pin_15" pintype="passive"/>
      <node ref="J1" pin="16" pinfunction="Pin_16" pintype="passive"/>
    </net>
    <net code="8" name="7V0">
      <node ref="J1" pin="5" pinfunction="Pin_5" pintype="passive"/>
      <node ref="J1" pin="6" pinfunction="Pin_6" pintype="passive"/>
    </net>
    <net code="9" name="12V0">
      <node ref="J1" pin="3" pinfunction="Pin_3" pintype="passive"/>
      <node ref="J1" pin="4" pinfunction="Pin_4" pintype="passive"/>
      <node ref="R20" pin="1" pintype="passive"/>
    </net>
    <net code="10" name="BME280_in_3V3">
      <node ref="C12" pin="1" pintype="passive"/>
      <node ref="R2" pin="2" pintype="passive"/>
      <node ref="U2" pin="5" pinfunction="VOUT" pintype="power_out"/>
      <node ref="U9" pin="2" pinfunction="CSB" pintype="input"/>
      <node ref="U9" pin="6" pinfunction="VddIO" pintype="input"/>
      <node ref="U9" pin="8" pinfunction="Vdd" pintype="input"/>
    </net>
    <net code="11" name="BME280_out_3V3">
      <node ref="J6" pin="4" pinfunction="Pin_4" pintype="passive"/>
      <node ref="R3" pin="2" pintype="passive"/>
      <node ref="U3" pin="5" pinfunction="VOUT" pintype="power_out"/>
    </net>
    <net code="12" name="C1.OK">
      <node ref="J1" pin="41" pinfunction="Pin_41" pintype="passive"/>
      <node ref="U6" pin="3" pinfunction="PC14" pintype="bidirectional"/>
    </net>
    <net code="13" name="C1.ON">
      <node ref="J1" pin="37" pinfunction="Pin_37" pintype="passive"/>
      <node ref="U6" pin="11" pinfunction="PA1" pintype="bidirectional"/>
    </net>
    <net code="14" name="C1.ST">
      <node ref="J1" pin="39" pinfunction="Pin_39" pintype="passive"/>
      <node ref="U6" pin="40" pinfunction="PB4" pintype="bidirectional"/>
    </net>
    <net code="15" name="C2.OK">
      <node ref="J1" pin="47" pinfunction="Pin_47" pintype="passive"/>
      <node ref="U6" pin="2" pinfunction="PC13" pintype="bidirectional"/>
    </net>
    <net code="16" name="C2.ON">
      <node ref="J1" pin="43" pinfunction="Pin_43" pintype="passive"/>
      <node ref="U6" pin="10" pinfunction="PA0" pintype="bidirectional"/>
    </net>
    <net code="17" name="C2.ST">
      <node ref="J1" pin="45" pinfunction="Pin_45" pintype="passive"/>
      <node ref="U6" pin="39" pinfunction="PB3" pintype="bidirectional"/>
    </net>
    <net code="18" name="C3.OK">
      <node ref="J1" pin="42" pinfunction="Pin_42" pintype="passive"/>
      <node ref="U6" pin="41" pinfunction="PB5" pintype="bidirectional"/>
    </net>
    <net code="19" name="C3.ON">
      <node ref="J1" pin="38" pinfunction="Pin_38" pintype="passive"/>
      <node ref="U6" pin="4" pinfunction="PC15" pintype="bidirectional"/>
    </net>
    <net code="20" name="C3.ST">
      <node ref="J1" pin="40" pinfunction="Pin_40" pintype="passive"/>
      <node ref="U6" pin="38" pinfunction="PA15" pintype="bidirectional"/>
    </net>
    <net code="21" name="CS">
      <node ref="J2" pin="2" pinfunction="DAT3/CD" pintype="bidirectional"/>
      <node ref="TP4" pin="1" pinfunction="1" pintype="passive"/>
      <node ref="U6" pin="14" pinfunction="PA4" pintype="bidirectional"/>
    </net>
    <net code="22" name="GAS_VALVE_3V3">
      <node ref="Q1" pin="2" pinfunction="S" pintype="passive"/>
      <node ref="R19" pin="2" pintype="passive"/>
      <node ref="U6" pin="46" pinfunction="PB9" pintype="bidirectional"/>
    </net>
    <net code="23" name="GAS_VALVE_12V">
      <node ref="J1" pin="50" pinfunction="Pin_50" pintype="passive"/>
      <node ref="Q1" pin="3" pinfunction="D" pintype="passive"/>
      <node ref="R20" pin="2" pintype="passive"/>
    </net>
    <net code="24" name="GND">
      <node ref="C1" pin="1" pintype="passive"/>
      <node ref="C10" pin="2" pintype="passive"/>
      <node ref="C12" pin="2" pintype="passive"/>
      <node ref="C13" pin="2" pintype="passive"/>
      <node ref="C15" pin="1" pintype="passive"/>
      <node ref="C16" pin="2" pintype="passive"/>
      <node ref="C17" pin="2" pintype="passive"/>
      <node ref="C18" pin="2" pintype="passive"/>
      <node ref="C2" pin="1" pintype="passive"/>
      <node ref="C20" pin="2" pintype="passive"/>
      <node ref="C3" pin="1" pintype="passive"/>
      <node ref="C4" pin="1" pintype="passive"/>
      <node ref="C5" pin="1" pintype="passive"/>
      <node ref="C6" pin="2" pintype="passive"/>
      <node ref="C7" pin="1" pintype="passive"/>
      <node ref="C8" pin="1" pintype="passive"/>
      <node ref="C9" pin="2" pintype="passive"/>
      <node ref="D10" pin="1" pinfunction="K" pintype="passive"/>
      <node ref="D6" pin="1" pinfunction="K" pintype="passive"/>
      <node ref="D7" pin="1" pinfunction="K" pintype="passive"/>
      <node ref="D8" pin="1" pinfunction="K" pintype="passive"/>
      <node ref="D9" pin="1" pinfunction="K" pintype="passive"/>
      <node ref="J1" pin="1" pinfunction="Pin_1" pintype="passive"/>
      <node ref="J1" pin="17" pinfunction="Pin_17" pintype="passive"/>
      <node ref="J1" pin="18" pinfunction="Pin_18" pintype="passive"/>
      <node ref="J1" pin="2" pinfunction="Pin_2" pintype="passive"/>
      <node ref="J1" pin="23" pinfunction="Pin_23" pintype="passive"/>
      <node ref="J1" pin="24" pinfunction="Pin_24" pintype="passive"/>
      <node ref="J1" pin="29" pinfunction="Pin_29" pintype="passive"/>
      <node ref="J1" pin="30" pinfunction="Pin_30" pintype="passive"/>
      <node ref="J1" pin="35" pinfunction="Pin_35" pintype="passive"/>
      <node ref="J1" pin="36" pinfunction="Pin_36" pintype="passive"/>
      <node ref="J1" pin="51" pinfunction="Pin_51" pintype="passive"/>
      <node ref="J1" pin="52" pinfunction="Pin_52" pintype="passive"/>
      <node ref="J1" pin="7" pinfunction="Pin_7" pintype="passive"/>
      <node ref="J1" pin="8" pinfunction="Pin_8" pintype="passive"/>
      <node ref="J2" pin="6" pinfunction="VSS" pintype="power_in"/>
      <node ref="J2" pin="9" pinfunction="SHIELD" pintype="passive"/>
      <node ref="J3" pin="2" pinfunction="Pin_2" pintype="passive"/>
      <node ref="J4" pin="2" pinfunction="Pin_2" pintype="passive"/>
      <node ref="J5" pin="4" pinfunction="Pin_4" pintype="passive"/>
      <node ref="J6" pin="3" pinfunction="Pin_3" pintype="passive"/>
      <node ref="R18" pin="2" pintype="passive"/>
      <node ref="R9" pin="1" pintype="passive"/>
      <node ref="SW1" pin="2" pinfunction="2" pintype="passive"/>
      <node ref="SW2" pin="1" pinfunction="1" pintype="passive"/>
      <node ref="SW3" pin="1" pinfunction="1" pintype="passive"/>
      <node ref="U1" pin="2" pinfunction="GND" pintype="power_in"/>
      <node ref="U2" pin="2" pinfunction="GND" pintype="power_in"/>
      <node ref="U3" pin="2" pinfunction="GND" pintype="power_in"/>
      <node ref="U4" pin="2" pinfunction="GND" pintype="power_in"/>
      <node ref="U5" pin="2" pinfunction="GND" pintype="power_in"/>
      <node ref="U6" pin="23" pinfunction="VSS" pintype="power_in"/>
      <node ref="U6" pin="35" pinfunction="VSS" pintype="power_in"/>
      <node ref="U6" pin="47" pinfunction="VSS" pintype="power_in"/>
      <node ref="U6" pin="8" pinfunction="VSSA" pintype="power_in"/>
      <node ref="U7" pin="1" pinfunction="CLKin" pintype="input"/>
      <node ref="U7" pin="11" pinfunction="FSYNC" pintype="input"/>
      <node ref="U7" pin="18" pinfunction="GND" pintype="input"/>
      <node ref="U8" pin="11" pinfunction="GND" pintype="power_in"/>
      <node ref="U8" pin="9" pinfunction="GND" pintype="power_in"/>
      <node ref="U9" pin="1" pinfunction="GND" pintype="input"/>
      <node ref="U9" pin="5" pinfunction="SDO" pintype="input"/>
      <node ref="U9" pin="7" pinfunction="GND" pintype="input"/>
      <node ref="Y1" pin="2" pinfunction="2" pintype="passive"/>
      <node ref="Y1" pin="4" pinfunction="4" pintype="passive"/>
    </net>
    <net code="25" name="MISO">
      <node ref="J2" pin="7" pinfunction="DAT0" pintype="bidirectional"/>
      <node ref="TP2" pin="1" pinfunction="1" pintype="passive"/>
      <node ref="U6" pin="16" pinfunction="PA6" pintype="bidirectional"/>
    </net>
    <net code="26" name="MOSI">
      <node ref="J2" pin="3" pinfunction="CMD" pintype="input"/>
      <node ref="TP1" pin="1" pinfunction="1" pintype="passive"/>
      <node ref="U6" pin="17" pinfunction="PA7" pintype="bidirectional"/>
    </net>
    <net code="27" name="MPU6050_3V3">
      <node ref="C15" pin="2" pintype="passive"/>
      <node ref="C17" pin="1" pintype="passive"/>
      <node ref="R4" pin="2" pintype="passive"/>
      <node ref="U4" pin="5" pinfunction="VOUT" pintype="power_out"/>
      <node ref="U7" pin="13" pinfunction="VDD" pintype="input"/>
      <node ref="U7" pin="8" pinfunction="V_logic" pintype="input"/>
    </net>
    <net code="28" name="NRST">
      <node ref="C9" pin="1" pintype="passive"/>
      <node ref="J4" pin="4" pinfunction="Pin_4" pintype="passive"/>
      <node ref="R14" pin="2" pintype="passive"/>
      <node ref="SW3" pin="2" pinfunction="2" pintype="passive"/>
      <node ref="U6" pin="7" pinfunction="NRST" pintype="input"/>
    </net>
    <net code="29" name="Net-(C6-Pad1)">
      <node ref="C6" pin="1" pintype="passive"/>
      <node ref="R6" pin="2" pintype="passive"/>
      <node ref="SW2" pin="2" pinfunction="2" pintype="passive"/>
      <node ref="U6" pin="18" pinfunction="PB0" pintype="bidirectional"/>
    </net>
    <net code="30" name="Net-(C7-Pad2)">
      <node ref="C7" pin="2" pintype="passive"/>
      <node ref="U6" pin="5" pinfunction="PF0" pintype="input"/>
      <node ref="Y1" pin="3" pinfunction="3" pintype="passive"/>
    </net>
    <net code="31" name="Net-(C8-Pad2)">
      <node ref="C8" pin="2" pintype="passive"/>
      <node ref="U6" pin="6" pinfunction="PF1" pintype="input"/>
      <node ref="Y1" pin="1" pinfunction="1" pintype="passive"/>
    </net>
    <net code="32" name="Net-(C13-Pad1)">
      <node ref="C13" pin="1" pintype="passive"/>
      <node ref="U7" pin="10" pinfunction="REG_out" pintype="input"/>
    </net>
    <net code="33" name="Net-(C18-Pad1)">
      <node ref="C18" pin="1" pintype="passive"/>
      <node ref="U8" pin="10" pinfunction="CAP" pintype="passive"/>
    </net>
    <net code="34" name="Net-(C19-Pad1)">
      <node ref="C19" pin="1" pintype="passive"/>
      <node ref="U8" pin="12" pinfunction="SETC" pintype="input"/>
    </net>
    <net code="35" name="Net-(C19-Pad2)">
      <node ref="C19" pin="2" pintype="passive"/>
      <node ref="U8" pin="8" pinfunction="SETP" pintype="input"/>
    </net>
    <net code="36" name="Net-(C20-Pad1)">
      <node ref="C20" pin="1" pintype="passive"/>
      <node ref="U7" pin="20" pinfunction="CP_out" pintype="input"/>
    </net>
    <net code="37" name="Net-(D1-Pad1)">
      <node ref="D1" pin="1" pinfunction="K" pintype="passive"/>
      <node ref="D2" pin="1" pinfunction="K" pintype="passive"/>
      <node ref="D3" pin="1" pinfunction="K" pintype="passive"/>
      <node ref="D4" pin="1" pinfunction="K" pintype="passive"/>
      <node ref="D5" pin="1" pinfunction="K" pintype="passive"/>
      <node ref="SW1" pin="1" pinfunction="1" pintype="passive"/>
    </net>
    <net code="38" name="Net-(D1-Pad2)">
      <node ref="D1" pin="2" pinfunction="A" pintype="passive"/>
      <node ref="R1" pin="1" pintype="passive"/>
    </net>
    <net code="39" name="Net-(D2-Pad2)">
      <node ref="D2" pin="2" pinfunction="A" pintype="passive"/>
      <node ref="R2" pin="1" pintype="passive"/>
    </net>
    <net code="40" name="Net-(D3-Pad2)">
      <node ref="D3" pin="2" pinfunction="A" pintype="passive"/>
      <node ref="R3" pin="1" pintype="passive"/>
    </net>
    <net code="41" name="Net-(D4-Pad2)">
      <node ref="D4" pin="2" pinfunction="A" pintype="passive"/>
      <node ref="R4" pin="1" pintype="passive"/>
    </net>
    <net code="42" name="Net-(D5-Pad2)">
      <node ref="D5" pin="2" pinfunction="A" pintype="passive"/>
      <node ref="R5" pin="1" pintype="passive"/>
    </net>
    <net code="43" name="Net-(D6-Pad2)">
      <node ref="D6" pin="2" pinfunction="A" pintype="passive"/>
      <node ref="R10" pin="2" pintype="passive"/>
    </net>
    <net code="44" name="Net-(D7-Pad2)">
      <node ref="D7" pin="2" pinfunction="A" pintype="passive"/>
      <node ref="R11" pin="2" pintype="passive"/>
    </net>
    <net code="45" name="Net-(D8-Pad2)">
      <node ref="D8" pin="2" pinfunction="A" pintype="passive"/>
      <node ref="R12" pin="2" pintype="passive"/>
    </net>
    <net code="46" name="Net-(D9-Pad2)">
      <node ref="D9" pin="2" pinfunction="A" pintype="passive"/>
      <node ref="R13" pin="2" pintype="passive"/>
    </net>
    <net code="47" name="Net-(D10-Pad2)">
      <node ref="D10" pin="2" pinfunction="A" pintype="passive"/>
      <node ref="R15" pin="2" pintype="passive"/>
    </net>
    <net code="48" name="Net-(R9-Pad2)">
      <node ref="R9" pin="2" pintype="passive"/>
      <node ref="U6" pin="44" pinfunction="BOOT0" pintype="input"/>
    </net>
    <net code="49" name="Net-(R10-Pad1)">
      <node ref="R10" pin="1" pintype="passive"/>
      <node ref="U6" pin="25" pinfunction="PB12" pintype="bidirectional"/>
    </net>
    <net code="50" name="Net-(R11-Pad1)">
      <node ref="R11" pin="1" pintype="passive"/>
      <node ref="U6" pin="26" pinfunction="PB13" pintype="bidirectional"/>
    </net>
    <net code="51" name="Net-(R12-Pad1)">
      <node ref="R12" pin="1" pintype="passive"/>
      <node ref="U6" pin="27" pinfunction="PB14" pintype="bidirectional"/>
    </net>
    <net code="52" name="Net-(R13-Pad1)">
      <node ref="R13" pin="1" pintype="passive"/>
      <node ref="U6" pin="28" pinfunction="PB15" pintype="bidirectional"/>
    </net>
    <net code="53" name="Net-(R15-Pad1)">
      <node ref="R15" pin="1" pintype="passive"/>
      <node ref="U6" pin="29" pinfunction="PA8" pintype="bidirectional"/>
    </net>
    <net code="54" name="Net-(R18-Pad1)">
      <node ref="R18" pin="1" pintype="passive"/>
      <node ref="U7" pin="9" pinfunction="AD0" pintype="input"/>
    </net>
    <net code="55" name="QMC5883_3V3">
      <node ref="C16" pin="1" pintype="passive"/>
      <node ref="R5" pin="2" pintype="passive"/>
      <node ref="U5" pin="5" pinfunction="VOUT" pintype="power_out"/>
      <node ref="U8" pin="13" pinfunction="VDDIO" pintype="power_in"/>
      <node ref="U8" pin="2" pinfunction="VDD" pintype="power_in"/>
      <node ref="U8" pin="4" pinfunction="S1" pintype="input"/>
    </net>
    <net code="56" name="RX1.OBC">
      <node ref="J1" pin="27" pinfunction="Pin_27" pintype="passive"/>
      <node ref="J1" pin="28" pinfunction="Pin_28" pintype="passive"/>
      <node ref="U6" pin="31" pinfunction="PA10" pintype="bidirectional"/>
    </net>
    <net code="57" name="RX2.OBC">
      <node ref="J1" pin="33" pinfunction="Pin_33" pintype="passive"/>
      <node ref="J1" pin="34" pinfunction="Pin_34" pintype="passive"/>
      <node ref="U6" pin="13" pinfunction="PA3" pintype="bidirectional"/>
    </net>
    <net code="58" name="RX3.OBC">
      <node ref="J3" pin="3" pinfunction="Pin_3" pintype="passive"/>
      <node ref="U6" pin="22" pinfunction="PB11" pintype="bidirectional"/>
    </net>
    <net code="59" name="SCLK">
      <node ref="J2" pin="5" pinfunction="CLK" pintype="input"/>
      <node ref="TP3" pin="1" pinfunction="1" pintype="passive"/>
      <node ref="U6" pin="15" pinfunction="PA5" pintype="bidirectional"/>
    </net>
    <net code="60" name="SCL_Off_Board">
      <node ref="J5" pin="1" pinfunction="Pin_1" pintype="passive"/>
      <node ref="J6" pin="2" pinfunction="Pin_2" pintype="passive"/>
      <node ref="R17" pin="2" pintype="passive"/>
      <node ref="TP8" pin="1" pinfunction="1" pintype="passive"/>
      <node ref="U6" pin="32" pinfunction="PA11" pintype="bidirectional"/>
    </net>
    <net code="61" name="SCL_On_Board">
      <node ref="R8" pin="2" pintype="passive"/>
      <node ref="TP5" pin="1" pinfunction="1" pintype="passive"/>
      <node ref="U6" pin="45" pinfunction="PB8" pintype="bidirectional"/>
      <node ref="U7" pin="23" pinfunction="SCL" pintype="input"/>
      <node ref="U8" pin="1" pinfunction="SCL" pintype="input"/>
      <node ref="U9" pin="4" pinfunction="SCK" pintype="input"/>
    </net>
    <net code="62" name="SDA_Off_Board">
      <node ref="J5" pin="2" pinfunction="Pin_2" pintype="passive"/>
      <node ref="J6" pin="1" pinfunction="Pin_1" pintype="passive"/>
      <node ref="R16" pin="2" pintype="passive"/>
      <node ref="TP7" pin="1" pinfunction="1" pintype="passive"/>
      <node ref="U6" pin="33" pinfunction="PA12" pintype="bidirectional"/>
    </net>
    <net code="63" name="SDA_On_Board">
      <node ref="R7" pin="2" pintype="passive"/>
      <node ref="TP6" pin="1" pinfunction="1" pintype="passive"/>
      <node ref="U6" pin="43" pinfunction="PB7" pintype="bidirectional"/>
      <node ref="U7" pin="24" pinfunction="SDA" pintype="input"/>
      <node ref="U8" pin="16" pinfunction="SDA" pintype="bidirectional"/>
      <node ref="U9" pin="3" pinfunction="SDI" pintype="input"/>
    </net>
    <net code="64" name="SWCLK">
      <node ref="J4" pin="1" pinfunction="Pin_1" pintype="passive"/>
      <node ref="U6" pin="37" pinfunction="PA14" pintype="bidirectional"/>
    </net>
    <net code="65" name="SWDIO">
      <node ref="J4" pin="3" pinfunction="Pin_3" pintype="passive"/>
      <node ref="U6" pin="34" pinfunction="PA13" pintype="bidirectional"/>
    </net>
    <net code="66" name="TX1.OBC">
      <node ref="J1" pin="25" pinfunction="Pin_25" pintype="passive"/>
      <node ref="J1" pin="26" pinfunction="Pin_26" pintype="passive"/>
      <node ref="U6" pin="30" pinfunction="PA9" pintype="bidirectional"/>
    </net>
    <net code="67" name="TX2.OBC">
      <node ref="J1" pin="31" pinfunction="Pin_31" pintype="passive"/>
      <node ref="J1" pin="32" pinfunction="Pin_32" pintype="passive"/>
      <node ref="U6" pin="12" pinfunction="PA2" pintype="bidirectional"/>
    </net>
    <net code="68" name="TX3.OBC">
      <node ref="J3" pin="4" pinfunction="Pin_4" pintype="passive"/>
      <node ref="U6" pin="21" pinfunction="PB10" pintype="bidirectional"/>
    </net>
    <net code="69" name="VEML6070_3V3">
      <node ref="J5" pin="3" pinfunction="Pin_3" pintype="passive"/>
      <node ref="R1" pin="2" pintype="passive"/>
      <node ref="U1" pin="5" pinfunction="VOUT" pintype="power_out"/>
    </net>
    <net code="70" name="unconnected-(J1-Pad44)">
      <node ref="J1" pin="44" pinfunction="Pin_44" pintype="passive+no_connect"/>
    </net>
    <net code="71" name="unconnected-(J1-Pad46)">
      <node ref="J1" pin="46" pinfunction="Pin_46" pintype="passive+no_connect"/>
    </net>
    <net code="72" name="unconnected-(J1-Pad48)">
      <node ref="J1" pin="48" pinfunction="Pin_48" pintype="passive+no_connect"/>
    </net>
    <net code="73" name="unconnected-(J1-Pad49)">
      <node ref="J1" pin="49" pinfunction="Pin_49" pintype="passive+no_connect"/>
    </net>
    <net code="74" name="unconnected-(J2-Pad1)">
      <node ref="J2" pin="1" pinfunction="DAT2" pintype="bidirectional+no_connect"/>
    </net>
    <net code="75" name="unconnected-(J2-Pad8)">
      <node ref="J2" pin="8" pinfunction="DAT1" pintype="bidirectional+no_connect"/>
    </net>
    <net code="76" name="unconnected-(U1-Pad4)">
      <node ref="U1" pin="4" pinfunction="FLAGB" pintype="open_collector+no_connect"/>
    </net>
    <net code="77" name="unconnected-(U2-Pad4)">
      <node ref="U2" pin="4" pinfunction="FLAGB" pintype="open_collector+no_connect"/>
    </net>
    <net code="78" name="unconnected-(U3-Pad4)">
      <node ref="U3" pin="4" pinfunction="FLAGB" pintype="open_collector+no_connect"/>
    </net>
    <net code="79" name="unconnected-(U4-Pad4)">
      <node ref="U4" pin="4" pinfunction="FLAGB" pintype="open_collector+no_connect"/>
    </net>
    <net code="80" name="unconnected-(U5-Pad4)">
      <node ref="U5" pin="4" pinfunction="FLAGB" pintype="open_collector+no_connect"/>
    </net>
    <net code="81" name="unconnected-(U6-Pad19)">
      <node ref="U6" pin="19" pinfunction="PB1" pintype="bidirectional+no_connect"/>
    </net>
    <net code="82" name="unconnected-(U6-Pad20)">
      <node ref="U6" pin="20" pinfunction="PB2" pintype="bidirectional+no_connect"/>
    </net>
    <net code="83" name="unconnected-(U6-Pad42)">
      <node ref="U6" pin="42" pinfunction="PB6" pintype="bidirectional+no_connect"/>
    </net>
    <net code="84" name="unconnected-(U7-Pad2)">
      <node ref="U7" pin="2" pinfunction="NC" pintype="input+no_connect"/>
    </net>
    <net code="85" name="unconnected-(U7-Pad3)">
      <node ref="U7" pin="3" pinfunction="NC" pintype="input+no_connect"/>
    </net>
    <net code="86" name="unconnected-(U7-Pad4)">
      <node ref="U7" pin="4" pinfunction="NC" pintype="input+no_connect"/>
    </net>
    <net code="87" name="unconnected-(U7-Pad5)">
      <node ref="U7" pin="5" pinfunction="NC" pintype="input+no_connect"/>
    </net>
    <net code="88" name="unconnected-(U7-Pad6)">
      <node ref="U7" pin="6" pinfunction="AUX_DA" pintype="input+no_connect"/>
    </net>
    <net code="89" name="unconnected-(U7-Pad7)">
      <node ref="U7" pin="7" pinfunction="AUX_CL" pintype="input+no_connect"/>
    </net>
    <net code="90" name="unconnected-(U7-Pad12)">
      <node ref="U7" pin="12" pinfunction="INT" pintype="input+no_connect"/>
    </net>
    <net code="91" name="unconnected-(U7-Pad14)">
      <node ref="U7" pin="14" pinfunction="NC" pintype="input+no_connect"/>
    </net>
    <net code="92" name="unconnected-(U7-Pad15)">
      <node ref="U7" pin="15" pinfunction="NC" pintype="input+no_connect"/>
    </net>
    <net code="93" name="unconnected-(U7-Pad16)">
      <node ref="U7" pin="16" pinfunction="NC" pintype="input+no_connect"/>
    </net>
    <net code="94" name="unconnected-(U7-Pad17)">
      <node ref="U7" pin="17" pinfunction="NC" pintype="input+no_connect"/>
    </net>
    <net code="95" name="unconnected-(U7-Pad19)">
      <node ref="U7" pin="19" pinfunction="RESV" pintype="input+no_connect"/>
    </net>
    <net code="96" name="unconnected-(U7-Pad21)">
      <node ref="U7" pin="21" pinfunction="RESV" pintype="input+no_connect"/>
    </net>
    <net code="97" name="unconnected-(U7-Pad22)">
      <node ref="U7" pin="22" pinfunction="RESV" pintype="input+no_connect"/>
    </net>
    <net code="98" name="unconnected-(U8-Pad3)">
      <node ref="U8" pin="3" pinfunction="NC" pintype="no_connect"/>
    </net>
    <net code="99" name="unconnected-(U8-Pad5)">
      <node ref="U8" pin="5" pinfunction="NC" pintype="no_connect"/>
    </net>
    <net code="100" name="unconnected-(U8-Pad6)">
      <node ref="U8" pin="6" pinfunction="NC" pintype="no_connect"/>
    </net>
    <net code="101" name="unconnected-(U8-Pad7)">
      <node ref="U8" pin="7" pinfunction="NC" pintype="no_connect"/>
    </net>
    <net code="102" name="unconnected-(U8-Pad14)">
      <node ref="U8" pin="14" pinfunction="NC" pintype="no_connect"/>
    </net>
    <net code="103" name="unconnected-(U8-Pad15)">
      <node ref="U8" pin="15" pinfunction="INT" pintype="output+no_connect"/>
    </net>
  </nets>
</export>
